Region,CCRI_mean,CCRI_mean_plus_1sd,CCRI_percentile_75,CCRI_percentile_90,P1_Hazard_mean,P1_Hazard_mean_plus_1sd,P1_Hazard_percentile_75,P1_Hazard_percentile_90,P2_Vulnerability_mean,P2_Vulnerability_mean_plus_1sd,P2_Vulnerability_percentile_75,P2_Vulnerability_percentile_90
East Asia and Pacific,476612950.639539,146795797.64594603,462344306.6228223,18186280.06892428,472157311.5327913,419706187.62018925,425898637.7979698,378685968.1699521,463396738.87212646,3906162.7396734725,37445477.4942688,3797025.014597172
Eastern and Southern Africa,275030721.82506627,179018288.2113218,213023393.08701637,163179925.84716278,227114116.9426717,135856156.5655545,172334667.74974158,134410781.86219475,256293898.0615077,152941026.84475115,197701004.2395196,127489781.8437424
Europe and Central Asia,55910414.284438804,0.0,0.0,0.0,58053511.954593495,12834940.580866922,19283950.334528558,12834940.580866922,3972066.6184301022,0.0,0.0,0.0
Latin America and the Caribbean,172039726.48932216,3996.496349790724,3996.496349790724,0.0,149502524.10961366,39401575.16293975,48330216.971020326,0.0,42588143.128716156,6608458.325539667,13553396.40043999,12859.921948268147
Middle East and North Africa,173236675.39731374,25467511.468268167,57036878.7821378,23485031.71779864,166717212.838035,44117972.628364235,102381253.78780864,19720364.183596723,77495914.20960978,42792611.87960472,45196038.76298366,42389855.79214311
South Asia,632917842.3384223,128718753.08727595,187030891.88809413,20949964.597909592,626777770.8218263,58312144.06171802,58312144.06171802,58312144.06171802,626992918.1945112,21165117.231494237,128933905.72086059,20949964.597909592
West and Central Africa,304423675.0056824,285952607.8581556,294994616.2139881,200655947.47774714,267536986.3547101,121347007.26609454,202410140.1295218,121347007.26609454,304278274.30631244,276470861.689518,284670575.19966996,236378513.42442572
