iso3,time_period,value
ALB,2017,7.101171970367432
DZA,2012,16.341026306152344
AGO,2015,52.25838088989258
ARM,2015,4.034465312957764
BGD,2014,24.21149253845215
BLZ,2015,16.413541793823242
GAB,2012,19.590499877929688
GMB,2018,18.850383758544922
GHA,2014,48.86249923706055
BDI,2016,24.05662727355957
KHM,2014,71.84466552734375
CRI,2018,2.6400771141052246
CIV,2011,46.5936164855957
DOM,2013,14.192444801330566
SLV,2014,21.300617218017578
ETH,2016,73.13780975341797
GTM,2014,39.58977127075195
GNB,2014,37.80472946166992
GIN,2018,45.50018310546875
GUY,2014,13.988157272338867
HTI,2016,43.894142150878906
HND,2011,32.413665771484375
IRQ,2018,23.448150634765625
KEN,2014,46.638946533203125
KIR,2018,53.12002944946289
KGZ,2018,11.772290229797363
LAO,2017,49.20970916748047
LSO,2014,48.05428695678711
LBR,2013,62.835289001464844
MRT,2015,64.62894439697266
PRY,2016,11.838051795959473
PER,2012,18.625778198242188
MDG,2018,71.24952697753906
MDV,2016,9.174131393432617
MLI,2018,42.62075424194336
MEX,2015,16.39940643310547
MNG,2018,27.49608039855957
MOZ,2011,59.57489013671875
NAM,2013,62.11032485961914
NPL,2016,31.663454055786133
NER,2012,83.46825408935547
PAK,2017,52.424766540527344
STP,2014,56.26682662963867
SLE,2017,41.419376373291016
ZAF,2016,17.308435440063477
SUR,2018,15.862074851989746
SWZ,2014,32.95541763305664
TJK,2017,29.868173599243164
THA,2015,8.697178840637207
TLS,2016,38.54291534423828
TGO,2014,68.58829498291016
TKM,2015,5.6451287269592285
YEM,2013,56.06221008300781
ZWE,2015,40.71895217895508
MMR,2015,45.66059494018555
PNG,2016,54.45390701293945
SEN,2017,38.701358795166016
EGY,2014,12.093639373779297
TUN,2018,9.102604866027832
RWA,2014,26.39992332458496
TZA,2015,38.06033706665039
COD,2013,40.83245849609375
UGA,2016,35.196285247802734
MWI,2015,24.835147857666016
ZMB,2018,39.6242561340332
CMR,2018,28.235328674316406
TCD,2014,80.43716430664062
COG,2012,30.605852127075195
NGA,2018,50.21057891845703
BEN,2017,69.4467544555664
COM,2012,25.520671844482422
IND,2015,60.244712829589844
