iso3,time_period,value
AFG,2015,39.961262
ALB,2018,2.0999999
DZA,2020,4.1267591
AGO,2016,15.28392
ARG,2020,1.1388741
ARM,2016,0.80000001
TCA,2020,0.1221493
BGD,2019,13.0
BRB,2012,1.175126
BLR,2020,0.14797039
BLZ,2016,9.1999998
BTN,2010,19.222851
BOL,2016,4.174078
BIH,2012,0.89999998
BWA,2017,4.3000002
BRA,2019,1.002879
GAB,2012,3.329736
GMB,2013,32.913952
GEO,2018,1.2
GHA,2018,7.0573678
BFA,2010,57.0
BDI,2017,29.4
KHM,2014,25.21611
CHL,2017,0.5
CHN,2015,3.3
CRI,2018,2.587903
CIV,2016,32.53397
PRK,2017,0.2
DOM,2019,3.3613219
ECU,2019,6.0
SLV,2014,14.8
ETH,2016,30.75
GTM,2015,28.700001
GNB,2019,23.26907
GIN,2018,46.462311
GUY,2020,5.1424832
HTI,2017,6.2629771
HND,2019,28.97571
IRQ,2018,21.1
JAM,2011,0.72722727
JOR,2018,5.3000002
KAZ,2015,0.2
KEN,2014,3.2698109
KIR,2019,10.34616
KGZ,2018,1.4
LAO,2017,20.0
LSO,2018,14.1
LBR,2013,19.61795
MRT,2015,41.02861
PRY,2017,7.6999998
PER,2012,7.0
MDG,2018,35.599998
MDV,2017,3.9809189
MLI,2015,59.0
MEX,2018,6.0
MDA,2012,2.678643
MNG,2018,4.4000001
MOZ,2011,33.099998
NAM,2013,11.66673
NPL,2019,4.3248758
NER,2012,69.712318
PAK,2018,26.92841
PAN,2013,3.9000001
QAT,2012,2.700768
ROU,2016,10.0
LCA,2012,1.093821
WSM,2020,5.1649661
TON,2019,10.73647
STP,2019,6.4788709
SLE,2017,19.0
ZAF,2016,5.1999998
LKA,2016,0.89038199
SUR,2018,6.5999999
SWZ,2014,4.4000001
TJK,2017,2.790098
THA,2019,3.365458
MKD,2019,1.741748
TLS,2016,8.6968431
TGO,2017,12.14184
TTO,2011,2.379179
TUR,2013,2.51911
TKM,2019,0.7565136
TUV,2020,22.633511
UKR,2012,0.89999998
URY,2013,9.2928085
VNM,2014,6.0178428
YEM,2013,21.608431
ZWE,2019,19.1
IDN,2017,5.5017729
MMR,2016,16.5
PHL,2017,4.3036718
SEN,2019,39.283192
CUB,2019,2.2340729
SDN,2014,20.799999
EGY,2014,9.9147444
SSD,2010,62.96674
PSE,2020,3.847523
MNE,2018,1.288602
SRB,2019,0.1906551
TUN,2018,7.0
COL,2015,3.5999999
RWA,2015,25.799999
TZA,2016,57.0
COD,2018,16.73694
UGA,2016,22.785629
MWI,2016,7.964612
ZMB,2018,23.26379
CMR,2018,19.109541
TCD,2019,52.556648
CAF,2019,24.15966
COG,2015,6.9203768
NGA,2018,26.6
BEN,2018,41.400002
COM,2012,14.41523
IND,2016,7.2216291
